{
  "height": 73.333333333333343,
  "tabOrder": 5000,
  "width": 220,
  "x": 226.66666666666669,
  "y": 13.333333333333334,
  "z": 7000
}