{
  "height": 603.33333333333337,
  "tabOrder": 2000,
  "width": 616.66666666666674,
  "x": 868.33333333333337,
  "y": 381.66666666666669,
  "z": 4000
}