{
  "height": 167.26761506276151,
  "tabOrder": 2001,
  "width": 718.42811715481173,
  "x": 512.77121338912139,
  "y": 215.25422594142259,
  "z": 2001
}