{
  "height": 271.4671129707113,
  "tabOrder": 2002,
  "width": 340.01941422594143,
  "x": 940.53757322175727,
  "y": 448.332050209205,
  "z": 2002
}