{
  "height": 338.60780984719867,
  "tabOrder": 1000,
  "width": 435.17826825127338,
  "x": 0,
  "y": 381.39219015280139,
  "z": 1000
}