{
  "height": 338.60780984719867,
  "tabOrder": 2004,
  "width": 443.73514431239391,
  "x": 836.12903225806451,
  "y": 381.39219015280139,
  "z": 2004
}