{
  "height": 73.333333333333343,
  "tabOrder": 16000,
  "width": 160,
  "x": 21.666666666666668,
  "y": 293.33333333333337,
  "z": 16000
}