{
  "height": 78.333333333333343,
  "tabOrder": 14000,
  "width": 1481.6666666666667,
  "x": 8.3333333333333339,
  "y": 8.3333333333333339,
  "z": 1000
}