{
  "height": 168.33333333333334,
  "tabOrder": 3000,
  "width": 375,
  "x": 20,
  "y": 103.33333333333334,
  "z": 5000
}