{
  "height": 68.333333333333343,
  "width": 168.33333333333334,
  "x": 13.333333333333334,
  "y": 6.666666666666667,
  "z": 2000
}