{
  "height": 70,
  "tabOrder": 7000,
  "width": 273.33333333333337,
  "x": 128.33333333333334,
  "y": 295,
  "z": 9000
}