{
  "height": 330.70866141732284,
  "tabOrder": 6000,
  "width": 464.56692913385825,
  "x": 19.685039370078741,
  "y": 641.73228346456688,
  "z": 8000
}