{
  "height": 68.333333333333343,
  "tabOrder": 1000,
  "width": 166.66666666666669,
  "x": 1250,
  "y": 20,
  "z": 3000
}