{
  "height": 893.33333333333337,
  "tabOrder": 15000,
  "width": 1481.6666666666667,
  "x": 8.3333333333333339,
  "y": 91.666666666666671,
  "z": 0
}