{
  "height": 288.33333333333337,
  "tabOrder": 4000,
  "width": 466.66666666666669,
  "x": 401.66666666666669,
  "y": 103.33333333333334,
  "z": 6000
}