{
  "height": 331.46853146853147,
  "tabOrder": 11000,
  "width": 467.83216783216784,
  "x": 18.88111888111888,
  "y": 641.95804195804192,
  "z": 13000
}