{
  "height": 73.333333333333343,
  "tabOrder": 12000,
  "width": 288.33333333333337,
  "x": 421.66666666666669,
  "y": 11.666666666666668,
  "z": 14000
}