{
  "height": 280,
  "tabOrder": 10000,
  "width": 608.33333333333337,
  "x": 868.33333333333337,
  "y": 101.66666666666667,
  "z": 12000
}