{
  "height": 338.60780984719867,
  "tabOrder": 2003,
  "width": 359.3887945670628,
  "x": 447.402376910017,
  "y": 381.39219015280139,
  "z": 2003
}