{
  "height": 25.590551181102363,
  "tabOrder": 17000,
  "width": 72.834645669291334,
  "x": 309.05511811023621,
  "y": 635.82677165354335,
  "z": 17000
}