{
  "height": 215.25422594142259,
  "tabOrder": 1000,
  "width": 759.55949790794978,
  "x": 499.06075313807531,
  "y": 0,
  "z": 1000
}