{
  "height": 271.4671129707113,
  "tabOrder": 2003,
  "width": 389.37707112970713,
  "x": 479.86610878661088,
  "y": 448.332050209205,
  "z": 2003
}