{
  "height": 271.4671129707113,
  "tabOrder": 2002,
  "width": 800.69087866108782,
  "x": 479.86610878661088,
  "y": 448.332050209205,
  "z": 2002
}