{
  "height": 25.590551181102363,
  "tabOrder": 18000,
  "width": 74,
  "x": 389.70177940355882,
  "y": 636.0747721495444,
  "z": 18000
}